qseqid	contig	SARG.Seq.ID	pident	length	qlen	qstart	qend	slen	sstart	send	evalue	bitscore	Tag	Type	Subtype	HMM.category	Mechanism.group	Mechanism.subgroup	Mechanism.subgroup2	SARG3.0_F	SARG3.0_L	SARG3.0_S	rank	location	coverage	plascad	host	host.iden.type	Genome	sh-ads_579814-checked_1.fq Relative Abundance (%)	sh-ads_579814-checked_1.fq Mean	sh-ads_579814-checked_1.fq RPKM	sh-ads_579814-checked_1.fq TPM	host_taxonomy
k141_3699164_4	k141_3699164	U19459.gene.p01	82.0	211	212	1	211	212	1	211	5.1199999999999996e-136	378.0		macrolide-lincosamide-streptogramin	macrolide-lincosamide-streptogramin__vat(B)	vat(B)	Enzymatic inactivation	streptogramin vat acetyltransferase	MLS_streptogramin	Yes	Yes	Yes	IV	genome	5.81144		bin_17	Binning	bin_17	0.13568088	7.5336165	1.3076155	4781.5483	d__Bacteria;p__Desulfobacterota;c__DSM-4660;o__Desulfatiglandales;f__Desulfatiglandaceae;g__JAFGMQ01;s__
k141_3699164_1	k141_3699164	gb|ACJ63262.1|ARO:3003107|mefB	88.7	53	53	1	53	409	1	53	2.26e-25	94.0		macrolide-lincosamide-streptogramin	macrolide-lincosamide-streptogramin__mef(B)	mef(B)	Efflux pump	MFS family antibiotic efflux pump	MLS_macrolide	Yes	Yes	Yes	I	genome	5.81144		bin_17	Binning	bin_17	0.13568088	7.5336165	1.3076155	4781.5483	d__Bacteria;p__Desulfobacterota;c__DSM-4660;o__Desulfatiglandales;f__Desulfatiglandaceae;g__JAFGMQ01;s__
k141_2716992_4	k141_2716992	gb|ACJ63262.1|ARO:3003107|mefB	90.2	399	401	1	399	409	7	405	3.98e-257	701.0		macrolide-lincosamide-streptogramin	macrolide-lincosamide-streptogramin__mef(B)	mef(B)	Efflux pump	MFS family antibiotic efflux pump	MLS_macrolide	Yes	Yes	Yes	I	genome	7.682698		bin_46	Binning	bin_46	0.08823619	4.8992724	0.8551635	3127.0718	d__Bacteria;p__Bacillota_A;c__Clostridia;o__Christensenellales;f__CAG-138;g__;s__
k141_1522468_5	k141_1522468	gb|ACJ63262.1|ARO:3003107|mefB	97.3	409	410	1	409	409	1	409	3.5400000000000003e-283	767.0		macrolide-lincosamide-streptogramin	macrolide-lincosamide-streptogramin__mef(B)	mef(B)	Efflux pump	MFS family antibiotic efflux pump	MLS_macrolide	Yes	Yes	Yes	I	plasmid	5.7481823	unmob	bin_91	Binning	bin_91	0.10754857	5.9715834	1.0428985	3813.5608	d__Bacteria;p__Bacillota_A;c__Clostridia;o__Oscillospirales;f__Ruminococcaceae;g__UMGS1668;s__
k141_3699164_5	k141_3699164	gb|ABR14060.1|ARO:3002838|lnuD	84.1	164	165	1	164	164	1	164	4.18e-105	296.0		macrolide-lincosamide-streptogramin	macrolide-lincosamide-streptogramin__lnu(D)	lnu(D)	Enzymatic inactivation	lincosamide nucleotidyltransferase (LNU)	MLS_lincosamide	Yes	Yes	Yes	III	genome	5.81144		bin_17	Binning	bin_17	0.13568088	7.5336165	1.3076155	4781.5483	d__Bacteria;p__Desulfobacterota;c__DSM-4660;o__Desulfatiglandales;f__Desulfatiglandaceae;g__JAFGMQ01;s__
k141_2388230_1	k141_2388230	AJ222769.gene.p01	99.4	530	530	1	530	639	1	530	0.0	1013.0		tetracycline	tetracycline__tet(W)	tet(W)	Antibiotic target protection			Yes	Yes	Yes	IV	plasmid	13.724715	unmob	bin_66	Hi-C	bin_66	0.0740715	4.1127844	0.718783	2628.3696	d__Bacteria;p__Bacillota_A;c__Clostridia;o__Oscillospirales;f__Ruminococcaceae;g__Ruminococcus;s__Ruminococcus flavefaciens_H
k141_545567_21	k141_545567	YP_002552549	81.4	274	275	1	274	274	1	274	3.48e-158	439.0		bacitracin	bacitracin__bacA	bacA	Antibiotic target alteration	undecaprenyl pyrophosphate		Yes	Yes	Yes	IV	genome	16.860023		bin_28	Binning	bin_28	0.34318313	19.05508	3.3102145	12104.443	d__Bacteria;p__Pseudomonadota;c__Gammaproteobacteria;o__Burkholderiales;f__Burkholderiaceae_B;g__Ottowia;s__Ottowia sp024235955
k141_662530_16	k141_662530	YP_002552549	80.3	269	270	1	269	274	6	274	2.6299999999999997e-147	412.0		bacitracin	bacitracin__bacA	bacA	Antibiotic target alteration	undecaprenyl pyrophosphate		Yes	Yes	Yes	IV	genome	16.518482		bin_32	Binning	bin_32	0.34211874	18.99598	3.31368	12117.114	d__Bacteria;p__Pseudomonadota;c__Gammaproteobacteria;o__Burkholderiales;f__Burkholderiaceae_B;g__Ottowia;s__Ottowia sp018240925
k141_1603518_5	k141_1603518	VXQ21601.1	100.0	344	345	1	344	344	1	344	2.5700000000000003e-259	701.0		macrolide-lincosamide-streptogramin	macrolide-lincosamide-streptogramin__cfr(E)	cfr(E)	Antibiotic target alteration	Cfr 23S ribosomal RNA methyltransferase		Yes	Yes	Yes	III	genome	4.4021487		bin_91	Binning	bin_91	0.10754857	5.9715834	1.0428985	3813.5608	d__Bacteria;p__Bacillota_A;c__Clostridia;o__Oscillospirales;f__Ruminococcaceae;g__UMGS1668;s__
k141_3976611_3	k141_3976611	gb|ABW91178.1|ARO:3002613|aadA13	99.6	261	262	1	261	265	5	265	2.02e-188	515.0		aminoglycoside	aminoglycoside__aadA13	aadA13	Enzymatic inactivation	Nucleotidyltransferases (Adenylyltransferases)	ANT(3'')	Yes	Yes	Yes	IV	genome	2.1542056		bin_9	Binning	bin_9	4.2139482	233.97746	40.64477	148625.5	d__Bacteria;p__Chloroflexota;c__Anaerolineae;o__Promineofilales;f__Promineofilaceae;g__JAMLHW01;s__JAMLHW01 sp023954475
k141_3976611_4	k141_3976611	AF317511.1.gene5.p01	97.0	266	267	1	266	266	1	266	2.5e-195	533.0		beta_lactam	beta_lactam__OXA-46	OXA	Enzymatic inactivation	Class D beta-lactamase		Yes	Yes	Yes	III	genome	2.1542056		bin_9	Binning	bin_9	4.2139482	233.97746	40.64477	148625.5	d__Bacteria;p__Chloroflexota;c__Anaerolineae;o__Promineofilales;f__Promineofilaceae;g__JAMLHW01;s__JAMLHW01 sp023954475
k141_2233510_1	k141_2233510	AAY68306	96.2	79	79	1	79	405	1	79	2.13e-46	150.0		macrolide-lincosamide-streptogramin	macrolide-lincosamide-streptogramin__mel	mel	Antibiotic target protection	ABC-F ATP-binding cassette ribosomal protection protein		Yes	Yes	Yes	III	genome	19.676035		bin_141	Binning	bin_141	0.050442223	2.8007803	0.48410642	1770.2295	d__Archaea;p__Methanobacteriota_B;c__Thermococci;o__Methanofastidiosales;f__Methanofastidiosaceae;g__Methanofastidiosum;s__Methanofastidiosum sp013178285
k141_4106215_2	k141_4106215	AY463797.7.gene32.p01	100.0	278	279	1	278	278	1	278	1.64e-206	562.0		aminoglycoside	aminoglycoside__APH(6)-Id	APH(6)-Id	Enzymatic inactivation	Phosphotransferases	APH(6)	Yes	Yes	Yes	IV	plasmid	22.718637	unmob	bin_40	Hi-C	bin_40	0.17628273	9.788014	1.6959238	6201.4746	d__Bacteria;p__Pseudomonadota;c__Alphaproteobacteria;o__Rhodobacterales;f__Rhodobacteraceae;g__Paracoccus;s__
k141_4106215_3	k141_4106215	AF313472.2.gene15.p01	99.6	267	268	1	267	267	1	267	1.06e-201	549.0		aminoglycoside	aminoglycoside__APH(3'')-Ib	APH(3'')-Ib	Enzymatic inactivation	Phosphotransferases	APH(3'')	Yes	Yes	Yes	I	plasmid	22.718637	unmob	bin_40	Hi-C	bin_40	0.17628273	9.788014	1.6959238	6201.4746	d__Bacteria;p__Pseudomonadota;c__Alphaproteobacteria;o__Rhodobacterales;f__Rhodobacteraceae;g__Paracoccus;s__
k141_3082460_2	k141_3082460	gb|ABG65740.1|ARO:3002879|linG	81.0	273	274	1	273	273	1	273	6.710000000000001e-167	461.0		macrolide-lincosamide-streptogramin	macrolide-lincosamide-streptogramin__linG	linG	Enzymatic inactivation	lincosamide nucleotidyltransferase (LNU)	MLS_lincosamide	Yes	Yes	Yes	I	genome	5.424076		bin_56	Binning	bin_56	0.27350447	15.186205	2.628316	9610.946	d__Bacteria;p__Chloroflexota;c__Anaerolineae;o__Anaerolineales;f__Anaerolineaceae;g__UBA6107;s__
k141_1789218_12	k141_1789218	AB104852.1.gene6.p01	100.0	279	280	1	279	279	1	279	3.6799999999999997e-199	543.0		sulfonamide	sulfonamide__sul1	sul1	Antibiotic target replacement	dihydropteroate synthase		Yes	Yes	Yes	notassessed	plasmid	25.998173	unmob	bin_40	Binning	bin_40	0.17628273	9.788014	1.6959238	6201.4746	d__Bacteria;p__Pseudomonadota;c__Alphaproteobacteria;o__Rhodobacterales;f__Rhodobacteraceae;g__Paracoccus;s__
k141_490774_3	k141_490774	gb|ADT70779.1|ARO:3001805|OXA-198	80.2	257	259	1	257	262	5	261	4.0599999999999997e-150	418.0		beta_lactam	beta_lactam__OXA-198	OXA	Enzymatic inactivation	Class D beta-lactamase		Yes	Yes	Yes	IV	genome	21.107409		bin_16	Binning	bin_16	0.38685244	21.479797	3.7539425	13727.019	d__Bacteria;p__Pseudomonadota;c__Gammaproteobacteria;o__JAAEPA01;f__JAAEPA01;g__JAAEPA01;s__
k141_1831720_2	k141_1831720	AUI09862.1	100.0	287	288	1	287	287	1	287	1.0100000000000002e-200	548.0		sulfonamide	sulfonamide__sul4	sul4	Antibiotic target replacement	dihydropteroate synthase		Yes	Yes	Yes	IV	plasmid	5.058753	unmob	bin_17	Hi-C	bin_17	0.13568088	7.5336165	1.3076155	4781.5483	d__Bacteria;p__Desulfobacterota;c__DSM-4660;o__Desulfatiglandales;f__Desulfatiglandaceae;g__JAFGMQ01;s__
