Gene	TP-EFF_580007-checked-ARG-host_cov_col_6	YL-AS_578825-checked-ARG-host_cov_col_6	SWH-AS_577324-checked-ARG-host_cov_col_6	SWH-IN_578335-checked-ARG-host_cov_col_6	YL-EFF_579475-checked-ARG-host_cov_col_6	ST-IN_577286-checked-ARG-host_cov_col_6	ST-AS_578410-checked-ARG-host_cov_col_6	SK-IN_578754-checked-ARG-host_cov_col_6	ST-ADS_579814-checked-ARG-host_cov_col_6	TP-IN_577697-checked-ARG-host_cov_col_6	TP-AS_578565-checked-ARG-host_cov_col_6	ST-EEF_579967-checked-ARG-host_cov_col_6	SWH-EFF_579360-checked-ARG-host_cov_col_6	YL-IN_577304-ARG-host_cov_col_6	SK-EFF_577737-checked-ARG-host_cov_col_6	SWH-ADS_577436-checked-ARG-host_cov_col_6	STL-EFF_577476-checked-ARG-host_cov_col_6	STL-AS_579739-checked-ARG-host_cov_col_6	SK-AS_579852-checked-ARG-host_cov_col_6	YL-ADS_577288-checked-ARG-host_cov_col_6	TP-ADS_743148-checked-ARG-host_cov_col_6	STL-IN_578603-checked-ARG-host_cov_col_6
c__Gammaproteobacteria	45.3761052	235.0175786	25.428980399999997	161.9639345	1048.047131	72.05351160000001	112.39348289999998	175.168336	59.530857	209.09999330000005	126.1053957	32.60338110000001	62.65732539999999	202.9855508	44.8492979	55.4712418	195.2595059	71.3489084	167.7606748	132.976386	32.346329	165.69226179999998
c__Actinomycetia	148.528019	0.0	0.0	14.975817	105.849821	29.551586	0.0	27.1896066	0.0	209.7833	0.0	274.2057305	26.5027445	60.487354	47.139347	66.14103349999999	160.99860460000002	39.876896	0.0	0.0	224.974296	62.8573
c__Alphaproteobacteria	0.0	39.4286167	0.0	18.5680965	17.57763	27.96796	22.0433055	0.0	9.788014	30.4325521	4.5637684	11.958916	7.6365342	23.174111999999997	260.11615900000004	25.4479091	3.1883028	30.8253092	29.8495113	0.0	14.252406	6.4984927
c__Bacteroidia	19.0598841	46.683183	0.0	65.097996	92.1472746	36.7541003	0.0	95.53562	0.0	64.994742	16.329584	0.0	0.0	43.7230345	9.535238	116.9039585	21.5470032	57.038149	162.694537	87.0300776	39.211053	45.176444
c__DSM-4660	0.0	0.0	0.0	0.0	0.0	0.0	0.0	0.0	7.5336165	0.0	0.0	0.0	0.0	0.0	0.0	0.0	0.0	0.0	0.0	0.0	0.0	0.0
c__Campylobacteria	0.0	0.0	0.0	0.0	0.0	0.0	0.0	31.092995	0.0	0.0	0.0	0.0	0.0	0.0	0.0	0.0	7.641061	0.0	0.0	0.0	0.0	0.0
c__Clostridia	8.3067832	0.0	0.0	24.9578535	0.0	39.171374	0.0	62.736051	14.9836402	6.0807347	0.0	0.0	0.0	5.8753138	0.0	19.8485225	0.0	0.0	0.0	7.5782776	32.501111	0.0
c__UBA4820	0.0	0.0	0.0	0.0	0.0	0.0	0.0	0.0	0.0	0.0	0.0	0.0	0.0	0.0	0.0	0.0	0.0	0.0	0.0	0.0	4.436751	0.0
c__Polyangia	4.7015767	0.0	8.560342	0.0	0.0	0.0	0.0	0.0	0.0	0.0	0.0	0.0	0.0	0.0	8.999629800000001	0.0	0.0	0.0	10.7469106	0.0	0.0	0.0
c__Acidimicrobiia	0.0	15.9623995	0.0	0.0	0.0	0.0	0.0	0.0	0.0	0.0	0.0	0.0	0.0	98.177505	0.0	0.0	0.0	0.0	0.0	0.0	0.0	0.0
c__Synergistia	0.0	0.0	0.0	0.0	0.0	4.658987	0.0	0.0	0.0	0.0	0.0	0.0	0.0	0.0	0.0	0.0	0.0	0.0	0.0	0.0	0.0	0.0
c__Kiritimatiellia	0.0	0.0	0.0	0.0	0.0	0.0	5.2971888	0.0	0.0	0.0	4.234745	0.0	0.0	0.0	0.0	0.0	0.0	0.0	0.0	0.0	0.0	0.0
c__Bacilli	0.0	0.0	0.0	0.0	0.0	0.0	0.0	0.0	0.0	14.535048	0.0	0.0	0.0	79.326485	42.700459300000006	0.0	0.0	0.0	0.0	0.0	0.0	0.0
c__Planctomycetia	0.0	9.381433	0.0	0.0	8.485718299999998	0.0	0.0	0.0	0.0	0.0	0.0	0.0	0.0	0.0	0.0	0.0	0.0	0.0	0.0	5.1996756	0.0	0.0
c__Negativicutes	0.0	0.0	0.0	14.903399	0.0	0.0	0.0	30.88196	0.0	0.0	0.0	0.0	0.0	14.9769027	0.0	0.0	3.776164	0.0	0.0	3.6314921	0.0	0.0
c__Anaerolineae	3.7114046	0.0	0.0	0.0	0.0	0.0	0.0	0.0	249.163665	0.0	0.0	0.0	0.0	0.0	0.0	0.0	0.0	0.0	0.0	0.0	0.0	0.0
c__Verrucomicrobiae	0.0	0.0	0.0	0.0	0.0	0.0	0.0	0.0	0.0	3.7950363	4.2404833	0.0	0.0	0.0	0.0	0.0	0.0	0.0	0.0	0.0	0.0	0.0
c__Phycisphaerae	0.0	0.0	0.0	0.0	0.0	0.0	0.0	0.0	0.0	0.0	0.0	0.0	0.0	0.0	0.0	1.8328713	0.0	0.0	0.0	0.0	0.0	3.2199721
c__Thermococci	0.0	0.0	0.0	0.0	0.0	0.0	0.0	0.0	2.8007803	0.0	0.0	0.0	0.0	0.0	0.0	0.0	0.0	0.0	0.0	0.0	0.0	0.0
c__Gemmatimonadetes	0.0	0.0	0.0	0.0	0.0	0.0	0.0	0.0	0.0	0.0	0.0	0.0	0.0	0.0	0.0	0.0	0.0	6.3136945	0.0	0.0	0.0	0.0
c__Koll11	4.2544127	0.0	0.0	0.0	0.0	0.0	0.0	0.0	0.0	0.0	0.0	0.0	0.0	0.0	0.0	0.0	0.0	0.0	0.0	0.0	0.0	0.0
c__Fibrobacteria	0.0	0.0	0.0	0.0	0.0	8.6205376	0.0	0.0	0.0	0.0	0.0	0.0	0.0	0.0	0.0	0.0	0.0	0.0	0.0	0.0	0.0	0.0
c__Thermotogae	0.0	0.0	0.0	0.0	0.0	0.0	0.0	0.0	0.0	0.0	0.0	0.0	0.0	59.7235	0.0	0.0	0.0	0.0	0.0	0.0	0.0	0.0
c__OLB16	0.0	0.0	0.0	0.0	0.0	0.0	0.0	0.0	0.0	0.0	0.0	0.0	0.0	0.0	0.0	4.3142014	0.0	0.0	0.0	0.0	0.0	0.0
c__Leptospirae	0.0	0.0	0.0	0.0	0.0	0.0	0.0	0.0	0.0	0.0	0.0	0.0	0.0	0.0	0.0	0.0	0.0	2.4154377	0.0	0.0	0.0	0.0
c__Syntrophomonadia	0.0	0.0	0.0	0.0	0.0	0.0	0.0	0.0	0.0	0.0	0.0	0.0	0.0	8.113731	0.0	19.148507	0.0	0.0	0.0	4.0065956	0.0	0.0
c__Nitrospiria	0.0	0.0	0.0	0.0	0.0	0.0	0.0	0.0	0.0	0.0	0.0	0.0	0.0	0.0	9.4481	0.0	0.0	0.0	0.0	0.0	0.0	0.0
c__Vampirovibrionia	0.0	0.0	0.0	0.0	0.0	0.0	0.0	0.0	0.0	0.0	0.0	0.0	0.0	0.0	0.0	3.3132343	0.0	0.0	0.0	0.0	0.0	0.0
c__UBA4802	0.0	0.0	0.0	0.0	0.0	0.0	0.0	0.0	0.0	0.0	0.0	0.0	0.0	0.0	0.0	0.0	0.0	0.0	0.0	0.0	13.317213	0.0
c__Atribacteria	0.0	0.0	0.0	0.0	0.0	0.0	0.0	0.0	0.0	0.0	0.0	0.0	0.0	0.0	0.0	2.7983806	0.0	0.0	0.0	0.0	0.0	0.0
c__Syntrophia	0.0	0.0	0.0	0.0	0.0	0.0	0.0	0.0	0.0	0.0	0.0	0.0	0.0	0.0	0.0	5.1256504	0.0	0.0	0.0	0.0	0.0	0.0
