TP-EFF_580007-checked-ARG-host_cov_col_1	TP-EFF_580007-checked-ARG-host_cov_col_2	YL-AS_578825-checked-ARG-host_cov_col_1	YL-AS_578825-checked-ARG-host_cov_col_2	SWH-AS_577324-checked-ARG-host_cov_col_1	SWH-AS_577324-checked-ARG-host_cov_col_2	SWH-IN_578335-checked-ARG-host_cov_col_1	SWH-IN_578335-checked-ARG-host_cov_col_2	YL-EFF_579475-checked-ARG-host_cov_col_1	YL-EFF_579475-checked-ARG-host_cov_col_2	ST-IN_577286-checked-ARG-host_cov_col_1	ST-IN_577286-checked-ARG-host_cov_col_2	ST-AS_578410-checked-ARG-host_cov_col_1	ST-AS_578410-checked-ARG-host_cov_col_2	SK-IN_578754-checked-ARG-host_cov_col_1	SK-IN_578754-checked-ARG-host_cov_col_2	ST-ADS_579814-checked-ARG-host_cov_col_1	ST-ADS_579814-checked-ARG-host_cov_col_2	TP-IN_577697-checked-ARG-host_cov_col_1	TP-IN_577697-checked-ARG-host_cov_col_2	TP-AS_578565-checked-ARG-host_cov_col_1	TP-AS_578565-checked-ARG-host_cov_col_2	ST-EEF_579967-checked-ARG-host_cov_col_1	ST-EEF_579967-checked-ARG-host_cov_col_2	SWH-EFF_579360-checked-ARG-host_cov_col_1	SWH-EFF_579360-checked-ARG-host_cov_col_2	YL-IN_577304-ARG-host_cov_col_1	YL-IN_577304-ARG-host_cov_col_2	SK-EFF_577737-checked-ARG-host_cov_col_1	SK-EFF_577737-checked-ARG-host_cov_col_2	SWH-ADS_577436-checked-ARG-host_cov_col_1	SWH-ADS_577436-checked-ARG-host_cov_col_2	STL-EFF_577476-checked-ARG-host_cov_col_1	STL-EFF_577476-checked-ARG-host_cov_col_2	STL-AS_579739-checked-ARG-host_cov_col_1	STL-AS_579739-checked-ARG-host_cov_col_2	SK-AS_579852-checked-ARG-host_cov_col_1	SK-AS_579852-checked-ARG-host_cov_col_2	YL-ADS_577288-checked-ARG-host_cov_col_1	YL-ADS_577288-checked-ARG-host_cov_col_2	TP-ADS_743148-checked-ARG-host_cov_col_1	TP-ADS_743148-checked-ARG-host_cov_col_2	STL-IN_578603-checked-ARG-host_cov_col_1	STL-IN_578603-checked-ARG-host_cov_col_2
d__Bacteria	233.9381855	d__Bacteria	346.47321079999995	d__Bacteria	33.98932239999999	d__Bacteria	300.4670965	d__Bacteria	1272.1075749	d__Bacteria	218.7780565	d__Bacteria	139.73397720000003	d__Bacteria	422.6045686	d__Bacteria	340.9997927	d__Bacteria	538.7214064	d__Bacteria	155.4739764	d__Bacteria	318.7680276	d__Bacteria	96.79660409999998	d__Bacteria	596.5634888	d__Bacteria	422.78823099999994	d__Bacteria	320.34551039999997	d__Bacteria	392.41064149999994	d__Bacteria	207.8183948	d__Bacteria	371.0516337	d__Bacteria	240.4225045	d__Bacteria	361.039159	d__Bacteria	283.44447060000005
																d__Archaea	2.8007803																										
																																											
																																											
																																											
																																											
																																											
																																											
																																											
																																											
																																											
																																											
																																											
																																											
																																											
																																											
																																											
																																											
																																											
																																											
																																											
																																											
																																											
																																											
																																											
																																											
																																											
																																											
