qseqid	contig	SARG.Seq.ID	pident	length	qlen	qstart	qend	slen	sstart	send	evalue	bitscore	Tag	Type	Subtype	HMM.category	Mechanism.group	Mechanism.subgroup	Mechanism.subgroup2	SARG3.0_F	SARG3.0_L	SARG3.0_S	rank	location	coverage	plascad	host	host.iden.type	Genome	sh-i_577286-checked_1.fq Relative Abundance (%)	sh-i_577286-checked_1.fq Mean	sh-i_577286-checked_1.fq RPKM	sh-i_577286-checked_1.fq TPM	host_taxonomy	0	1	2	3	4	5	6	Element_1	Sum_1	Element_2	Sum_2	Element_3	Sum_3	Element_4	Sum_4	Element_5	Sum_5	Element_6	Sum_6	Element_7	Sum_7
k141_4760165_2	k141_4760165	AF133140.gene.p01	100.0	391	392	1	391	391	1	391	5.1600000000000005e-276	747.0		tetracycline	tetracycline__tet(G)	tet(G)	Efflux pump	MFS family antibiotic efflux pump		Yes	Yes	Yes	IV	plasmid	12.136231	unmob	bin_17	Hi-C	bin_17	0.43861613	27.96796	6.5786743	21379.33	d__Bacteria;p__Pseudomonadota;c__Alphaproteobacteria;o__Rhodobacterales;f__Rhodobacteraceae;g__Paracoccus;s__	d__Bacteria	p__Pseudomonadota	c__Alphaproteobacteria	o__Rhodobacterales	f__Rhodobacteraceae	g__Paracoccus	s__	d__Bacteria	218.77805650000002	p__Pseudomonadota	100.0214716	c__Alphaproteobacteria	27.96796	o__Rhodobacterales	27.96796	f__Rhodobacteraceae	27.96796	g__Paracoccus	27.96796	s__	112.1426859
k141_3395328_28	k141_3395328	gb|ADV91011.1|ARO:3000245|RbpA	83.9	112	113	1	112	114	1	112	6.41e-71	206.0		rifamycin	rifamycin__RbpA	RbpA	Antibiotic target protection			Yes	Yes	Yes	IV	genome	28.152767		bin_12	Binning	bin_12	0.4634518	29.551586	6.9824395	22691.482	d__Bacteria;p__Actinomycetota;c__Actinomycetia;o__Mycobacteriales;f__Mycobacteriaceae;g__Rhodococcus;s__Rhodococcus ruber	d__Bacteria	p__Actinomycetota	c__Actinomycetia	o__Mycobacteriales	f__Mycobacteriaceae	g__Rhodococcus	s__Rhodococcus ruber			p__Actinomycetota	29.551586	c__Actinomycetia	29.551586	o__Mycobacteriales	29.551586	f__Mycobacteriaceae	29.551586	g__Rhodococcus	29.551586	s__Rhodococcus ruber	29.551586
k141_2723557_3	k141_2723557	gb|AAY32951.1|ARO:3002837|lnuC	98.2	164	165	1	164	164	1	164	4.2300000000000005e-123	342.0		macrolide-lincosamide-streptogramin	macrolide-lincosamide-streptogramin__lnu(C)	lnu(C)	Enzymatic inactivation	lincosamide nucleotidyltransferase (LNU)	MLS_lincosamide	Yes	Yes	Yes	III	plasmid	6.664993	unmob	bin_98	Binning	bin_98	0.073065996	4.658987	1.0988164	3570.925	d__Bacteria;p__Synergistota;c__Synergistia;o__Synergistales;f__Dethiosulfovibrionaceae;g__Dethiosulfovibrio;s__	d__Bacteria	p__Synergistota	c__Synergistia	o__Synergistales	f__Dethiosulfovibrionaceae	g__Dethiosulfovibrio	s__			p__Synergistota	4.658987	c__Synergistia	4.658987	o__Synergistales	4.658987	f__Dethiosulfovibrionaceae	4.658987	g__Dethiosulfovibrio	4.658987	s__Bacteroides uniformis	5.4087653
k141_1705626_4	k141_1705626	P67918	100.0	305	306	1	305	305	1	305	1.2e-217	592.0		beta_lactam	beta_lactam__ROB-1	ROB-1	Enzymatic inactivation	Class A beta-lactamase		Yes	Yes	Yes	II	plasmid	9.940603	unmob	bin_90	Hi-C	bin_90	0.15814973	10.084274	2.382226	7741.7397	d__Bacteria;p__Pseudomonadota;c__Gammaproteobacteria;o__Enterobacterales_A;f__Pasteurellaceae;g__Mannheimia;s__	d__Bacteria	p__Pseudomonadota	c__Gammaproteobacteria	o__Enterobacterales_A	f__Pasteurellaceae	g__Mannheimia	s__			p__Bacteroidota	36.7541003	c__Gammaproteobacteria	72.05351160000001	o__Enterobacterales_A	10.084274	f__Pasteurellaceae	10.084274	g__Mannheimia	10.084274	s__Laribacter hongkongensis	4.29158
k141_4597283_2	k141_4597283	BAD46890	100.0	123	123	1	123	657	1	123	5.98e-80	246.0		tetracycline	tetracycline__tet(Q)	tet(Q)	Antibiotic target protection			Yes	Yes	Yes	III	genome	13.648812		bin_25	Binning	bin_25	0.084824614	5.4087653	1.2737925	4139.561	d__Bacteria;p__Bacteroidota;c__Bacteroidia;o__Bacteroidales;f__Bacteroidaceae;g__Bacteroides;s__Bacteroides uniformis	d__Bacteria	p__Bacteroidota	c__Bacteroidia	o__Bacteroidales	f__Bacteroidaceae	g__Bacteroides	s__Bacteroides uniformis			p__Fibrobacterota	8.6205376	c__Bacteroidia	36.7541003	o__Bacteroidales	36.7541003	f__Bacteroidaceae	36.7541003	g__Bacteroides	5.4087653	s__Bacteroides_I graminisolvens	31.345335
k141_1387503_5	k141_1387503	CAI46978	100.0	293	296	3	295	293	1	293	1.63e-205	561.0		beta_lactam	beta_lactam__Other class A beta-lactamase	Other class A beta-lactamase	Enzymatic inactivation	Class A beta-lactamase		Yes	Yes	Yes	II	plasmid	16.198492	unmob	bin_63	Hi-C	bin_63	0.06730402	4.29158	1.0111195	3285.9294	d__Bacteria;p__Pseudomonadota;c__Gammaproteobacteria;o__Burkholderiales;f__Aquaspirillaceae;g__Laribacter;s__Laribacter hongkongensis	d__Bacteria	p__Pseudomonadota	c__Gammaproteobacteria	o__Burkholderiales	f__Aquaspirillaceae	g__Laribacter	s__Laribacter hongkongensis			p__Bacillota_A	39.171374	c__Fibrobacteria	8.6205376	o__Burkholderiales	40.083593	f__Aquaspirillaceae	4.29158	g__Laribacter	4.29158	s__HKST-UBA178 sp020445405	8.064209
k141_381911_3	k141_381911	gb|ADT70779.1|ARO:3001805|OXA-198	80.2	257	259	1	257	262	5	261	4.06e-150	418.0		beta_lactam	beta_lactam__OXA-198	OXA	Enzymatic inactivation	Class D beta-lactamase		Yes	Yes	Yes	IV	genome	7.485368		bin_14	Binning	bin_14	0.118491575	7.5555086	1.7960063	5836.6484	d__Bacteria;p__Pseudomonadota;c__Gammaproteobacteria;o__JAAEPA01;f__JAAEPA01;g__JAAEPA01;s__	d__Bacteria	p__Pseudomonadota	c__Gammaproteobacteria	o__JAAEPA01	f__JAAEPA01	g__JAAEPA01	s__					c__Clostridia	39.171374	o__JAAEPA01	7.5555086	f__JAAEPA01	7.5555086	g__JAAEPA01	7.5555086	s__Fibro-01 sp001462345	3.0621603
k141_2763867_2	k141_2763867	BAE54319	99.3	419	420	1	419	419	1	419	5.36e-315	848.0		macrolide-lincosamide-streptogramin	macrolide-lincosamide-streptogramin__ere(B)	ere(B)	Enzymatic inactivation	macrolide esterase	MLS_macrolide	Yes	Yes	Yes	II	plasmid	25.180405	unmob	bin_48	Hi-C	bin_48	0.08717096	5.5583773	1.3145037	4271.865	d__Bacteria;p__Fibrobacterota;c__Fibrobacteria;o__Fibrobacterales;f__Fibrobacteraceae;g__;s__	d__Bacteria	p__Fibrobacterota	c__Fibrobacteria	o__Fibrobacterales	f__Fibrobacteraceae	g__	s__							o__Fibrobacterales	8.6205376	f__Fibrobacteraceae	8.6205376	g__	37.8979533	s__Thiothrix nivea	6.265927
k141_4819829_1	k141_4819829	DQ677333.1.gene1.p01	89.7	29	30	1	29	259	231	259	1.46e-11	53.9		aminoglycoside	aminoglycoside__aadA24	aadA24	Enzymatic inactivation	Nucleotidyltransferases (Adenylyltransferases)	ANT(3'')	Yes	Yes	Yes	I	genome	6.1001005		bin_74	Binning	bin_74	0.071914405	4.585557	1.0798118	3509.165	d__Bacteria;p__Pseudomonadota;c__Gammaproteobacteria;o__Burkholderiales;f__Neisseriaceae;g__Neisseria;s__	d__Bacteria	p__Pseudomonadota	c__Gammaproteobacteria	o__Burkholderiales	f__Neisseriaceae	g__Neisseria	s__							o__Lachnospirales	32.339576	f__Neisseriaceae	7.7666379999999995	g__Neisseria	7.7666379999999995	s__Ottowia sp024235955	9.707648
k141_3479843_1	k141_3479843	JQ861959.1.gene5.p01	100.0	287	288	1	287	287	1	287	2.44e-217	590.0		aminoglycoside	aminoglycoside__ANT(6)-Ia	ANT(6)	Enzymatic inactivation	Nucleotidyltransferases (Adenylyltransferases)	ANT(6)	Yes	Yes	Yes	I	plasmid	30.521223	unmob	bin_50	Binning	bin_50	0.21705681	13.840432	3.2876372	10684.141	d__Bacteria;p__Bacillota_A;c__Clostridia;o__Lachnospirales;f__Lachnospiraceae;g__;s__	d__Bacteria	p__Bacillota_A	c__Clostridia	o__Lachnospirales	f__Lachnospiraceae	g__	s__							o__Chromatiales	8.064209	f__Lachnospiraceae	32.339576	g__Bacteroides_I	31.345335	s__Ottowia sp018240925	8.93816
k141_2887552_2	k141_2887552	gb|ACJ63262.1|ARO:3003107|mefB	97.1	409	410	1	409	409	1	409	1.0199999999999998e-282	766.0		macrolide-lincosamide-streptogramin	macrolide-lincosamide-streptogramin__mef(B)	mef(B)	Efflux pump	MFS family antibiotic efflux pump	MLS_macrolide	Yes	Yes	Yes	I	plasmid	7.384063	unmob	bin_61	Binning	bin_61	0.4915828	31.345335	7.378597	23978.916	d__Bacteria;p__Bacteroidota;c__Bacteroidia;o__Bacteroidales;f__Bacteroidaceae;g__Bacteroides_I;s__Bacteroides_I graminisolvens	d__Bacteria	p__Bacteroidota	c__Bacteroidia	o__Bacteroidales	f__Bacteroidaceae	g__Bacteroides_I	s__Bacteroides_I graminisolvens							o__Oscillospirales	6.831798	f__Sedimenticolaceae	8.064209	g__HKST-UBA178	8.064209		
k141_4173660_1	k141_4173660	gb|AAC75314.1|ARO:3003578|pmrF	90.7	54	67	1	54	322	262	315	5.0899999999999994e-30	105.0		polymyxin	polymyxin__pmrF	pmrF	Antibiotic target alteration			Yes	Yes	Yes	IV	genome	2.3495417		bin_22	Binning	bin_22	0.12646943	8.064209	1.9078261	6200.04	d__Bacteria;p__Pseudomonadota;c__Gammaproteobacteria;o__Chromatiales;f__Sedimenticolaceae;g__HKST-UBA178;s__HKST-UBA178 sp020445405	d__Bacteria	p__Pseudomonadota	c__Gammaproteobacteria	o__Chromatiales	f__Sedimenticolaceae	g__HKST-UBA178	s__HKST-UBA178 sp020445405							o__Thiotrichales	6.265927	f__Ruminococcaceae	6.831798	g__JAEZYS01	6.831798		
k141_4872173_1	k141_4872173	AAY68306	97.1	348	348	1	348	405	1	348	6.219999999999998e-230	629.0		macrolide-lincosamide-streptogramin	macrolide-lincosamide-streptogramin__mel	mel	Antibiotic target protection	ABC-F ATP-binding cassette ribosomal protection protein		Yes	Yes	Yes	III	plasmid	7.7888365	unmob	bin_68	Hi-C	bin_68	0.10714176	6.831798	1.6150159	5248.469	d__Bacteria;p__Bacillota_A;c__Clostridia;o__Oscillospirales;f__Ruminococcaceae;g__JAEZYS01;s__	d__Bacteria	p__Bacillota_A	c__Clostridia	o__Oscillospirales	f__Ruminococcaceae	g__JAEZYS01	s__									f__Burkholderiaceae_B	28.025375	g__Fibro-01	3.0621603		
k141_807959_1	k141_807959	NC_002758.1120355.p01	99.1	106	107	1	106	639	534	639	6.25e-70	218.0		tetracycline	tetracycline__tet(M)	tet(M)	Antibiotic target protection			Yes	Yes	Yes	III	genome	7.9252777		bin_70	Binning	bin_70	0.048023265	3.0621603	0.7134705	2318.6313	d__Bacteria;p__Fibrobacterota;c__Fibrobacteria;o__Fibrobacterales;f__Fibrobacteraceae;g__Fibro-01;s__Fibro-01 sp001462345	d__Bacteria	p__Fibrobacterota	c__Fibrobacteria	o__Fibrobacterales	f__Fibrobacteraceae	g__Fibro-01	s__Fibro-01 sp001462345									f__Thiotrichaceae	6.265927	g__Brachymonas	9.379567		
k141_4593837_1	k141_4593837	KJ363320.1.gene3.p01	100.0	38	38	1	38	259	1	38	7.82e-19	73.9		aminoglycoside	aminoglycoside__aadA2	aadA2	Enzymatic inactivation	Nucleotidyltransferases (Adenylyltransferases)	ANT(3'')	Yes	Yes	Yes	I	genome	4.22326		bin_60	Binning	bin_60	0.14709793	9.379567	2.2177007	7207.072	d__Bacteria;p__Pseudomonadota;c__Gammaproteobacteria;o__Burkholderiales;f__Burkholderiaceae_B;g__Brachymonas;s__	d__Bacteria	p__Pseudomonadota	c__Gammaproteobacteria	o__Burkholderiales	f__Burkholderiaceae_B	g__Brachymonas	s__											g__Thiothrix	6.265927		
k141_489036_20	k141_489036	gi|38231197|gb|AAR14532.1|	92.6	258	260	2	259	263	6	263	1.44e-171	472.0		aminoglycoside	aminoglycoside__aadA	aadA-ANT(3'')-IIa	Enzymatic inactivation	Nucleotidyltransferases (Adenylyltransferases)	ANT(3'')	Yes	Yes	Yes	II	genome	15.657562		bin_32	Binning	bin_32	0.09826731	6.265927	1.4760371	4796.817	d__Bacteria;p__Pseudomonadota;c__Gammaproteobacteria;o__Thiotrichales;f__Thiotrichaceae;g__Thiothrix;s__Thiothrix nivea	d__Bacteria	p__Pseudomonadota	c__Gammaproteobacteria	o__Thiotrichales	f__Thiotrichaceae	g__Thiothrix	s__Thiothrix nivea											g__Ottowia	18.645808000000002		
k141_3577239_2	k141_3577239	YP_002552549	83.6	274	275	1	274	274	1	274	1.6300000000000002e-163	453.0		bacitracin	bacitracin__bacA	bacA	Antibiotic target alteration	undecaprenyl pyrophosphate		Yes	Yes	Yes	IV	genome	8.347303		bin_45	Binning	bin_45	0.15224317	9.707648	2.2967296	7463.8984	d__Bacteria;p__Pseudomonadota;c__Gammaproteobacteria;o__Burkholderiales;f__Burkholderiaceae_B;g__Ottowia;s__Ottowia sp024235955	d__Bacteria	p__Pseudomonadota	c__Gammaproteobacteria	o__Burkholderiales	f__Burkholderiaceae_B	g__Ottowia	s__Ottowia sp024235955														
k141_4976384_17	k141_4976384	YP_002552549	80.3	269	270	1	269	274	6	274	2.6299999999999997e-147	412.0		bacitracin	bacitracin__bacA	bacA	Antibiotic target alteration	undecaprenyl pyrophosphate		Yes	Yes	Yes	IV	genome	8.102018		bin_29	Binning	bin_29	0.14017543	8.93816	2.131575	6927.18	d__Bacteria;p__Pseudomonadota;c__Gammaproteobacteria;o__Burkholderiales;f__Burkholderiaceae_B;g__Ottowia;s__Ottowia sp018240925	d__Bacteria	p__Pseudomonadota	c__Gammaproteobacteria	o__Burkholderiales	f__Burkholderiaceae_B	g__Ottowia	s__Ottowia sp018240925														
k141_5255663_6	k141_5255663	gb|AAF42062.1|ARO:3000811|mtrD	83.8	68	90	1	68	1067	974	1041	1.7900000000000002e-31	114.0	multicomponent system	multidrug	multidrug__mtrD	mtrD	Efflux pump	RND family antibiotic efflux pump		Yes	Yes	Yes	IV	genome	2.9211512		bin_113	Binning	bin_113	0.04988828	3.181081	0.74315244	2415.0916	d__Bacteria;p__Pseudomonadota;c__Gammaproteobacteria;o__Burkholderiales;f__Neisseriaceae;g__Neisseria;s__	d__Bacteria	p__Pseudomonadota	c__Gammaproteobacteria	o__Burkholderiales	f__Neisseriaceae	g__Neisseria	s__														
k141_3034056_2	k141_3034056	FN594949.1.gene24.p01	96.7	640	641	1	640	640	1	640	0.0	1233.0		tetracycline	tetracycline__tet(44)	tet(44)	Antibiotic target protection			Yes	Yes	Yes	III	genome	5.9948115		bin_35	Binning	bin_35	0.2901185	18.499144	4.3845215	14248.788	d__Bacteria;p__Bacillota_A;c__Clostridia;o__Lachnospirales;f__Lachnospiraceae;g__;s__	d__Bacteria	p__Bacillota_A	c__Clostridia	o__Lachnospirales	f__Lachnospiraceae	g__	s__														
