qseqid	contig	SARG.Seq.ID	pident	length	qlen	qstart	qend	slen	sstart	send	evalue	bitscore	Tag	Type	Subtype	HMM.category	Mechanism.group	Mechanism.subgroup	Mechanism.subgroup2	SARG3.0_F	SARG3.0_L	SARG3.0_S	rank	location	coverage	plascad	host	host.iden.type	Genome	swh-i_578335-checked_1.fq Relative Abundance (%)	swh-i_578335-checked_1.fq Mean	swh-i_578335-checked_1.fq RPKM	swh-i_578335-checked_1.fq TPM	host_taxonomy	0	1	2	3	4	5	6	Element_1	Sum_1	Element_2	Sum_2	Element_3	Sum_3	Element_4	Sum_4	Element_5	Sum_5	Element_6	Sum_6	Element_7	Sum_7
k141_4654913_109	k141_4654913	gb|ADV91011.1|ARO:3000245|RbpA	97.3	112	113	1	112	114	1	112	2.61e-79	227.0		rifamycin	rifamycin__RbpA	RbpA	Antibiotic target protection			Yes	Yes	Yes	IV	plasmid	13.47265	unmob	bin_1	Binning	bin_1	0.20697735	14.975817	4.541176	12993.53	d__Bacteria;p__Actinomycetota;c__Actinomycetia;o__Mycobacteriales;f__Mycobacteriaceae;g__Mycobacterium;s__Mycobacterium mageritense	d__Bacteria	p__Actinomycetota	c__Actinomycetia	o__Mycobacteriales	f__Mycobacteriaceae	g__Mycobacterium	s__Mycobacterium mageritense	d__Bacteria	300.4670965	p__Actinomycetota	14.975817	c__Actinomycetia	14.975817	o__Mycobacteriales	14.975817	f__Mycobacteriaceae	14.975817	g__Mycobacterium	14.975817	s__Mycobacterium mageritense	14.975817
k141_780329_3	k141_780329	gb|ADZ12700.1|ARO:3005090|RanB	82.7	248	251	3	250	253	6	253	1.03e-141	396.0		multidrug	multidrug__RanB								IV	genome	15.282979		bin_101	Binning	bin_101	0.18383025	13.301011	4.024979	11516.55	d__Bacteria;p__Bacteroidota;c__Bacteroidia;o__Flavobacteriales;f__Weeksellaceae;g__Epilithonimonas;s__Epilithonimonas vandammei	d__Bacteria	p__Bacteroidota	c__Bacteroidia	o__Flavobacteriales	f__Weeksellaceae	g__Epilithonimonas	s__Epilithonimonas vandammei			p__Bacteroidota	65.097996	c__Bacteroidia	65.097996	o__Flavobacteriales	13.301011	f__Weeksellaceae	13.301011	g__Epilithonimonas	13.301011	s__Epilithonimonas vandammei	13.301011
k141_4938_2	k141_4938	gb|WP_063864115.1|ARO:3005734|OXA-504	98.9	264	265	1	264	264	1	264	3.55e-194	530.0		beta_lactam	beta_lactam__OXA-427	OXA	Enzymatic inactivation	Class D beta-lactamase					III	genome	58.034096		bin_23	Binning	bin_23	0.58096516	42.03565	12.695435	36325.055	d__Bacteria;p__Pseudomonadota;c__Gammaproteobacteria;o__Enterobacterales_A;f__Aeromonadaceae;g__Aeromonas;s__Aeromonas caviae	d__Bacteria	p__Pseudomonadota	c__Gammaproteobacteria	o__Enterobacterales_A	f__Aeromonadaceae	g__Aeromonas	s__Aeromonas caviae			p__Pseudomonadota	180.53203100000002	c__Gammaproteobacteria	161.9639345	o__Enterobacterales_A	42.03565	f__Aeromonadaceae	42.03565	g__Aeromonas	42.03565	s__Aeromonas caviae	42.03565
k141_4697269_2	k141_4697269	U19459.gene.p01	80.1	211	212	1	211	212	1	211	2.08e-135	377.0		macrolide-lincosamide-streptogramin	macrolide-lincosamide-streptogramin__vat(B)	vat(B)	Enzymatic inactivation	streptogramin vat acetyltransferase	MLS_streptogramin	Yes	Yes	Yes	IV	genome	6.045297		bin_43	Binning	bin_43	0.12064453	8.729218	2.6230714	7505.312	d__Bacteria;p__Bacteroidota;c__Bacteroidia;o__Bacteroidales;f__Tannerellaceae;g__Macellibacteroides;s__Macellibacteroides fermentans	d__Bacteria	p__Bacteroidota	c__Bacteroidia	o__Bacteroidales	f__Tannerellaceae	g__Macellibacteroides	s__Macellibacteroides fermentans			p__Bacillota_A	24.9578535	c__Clostridia	24.9578535	o__Bacteroidales	51.796985	f__Tannerellaceae	8.729218	g__Macellibacteroides	8.729218	s__Macellibacteroides fermentans	8.729218
k141_692760_3	k141_692760	U19459.gene.p01	82.0	211	212	1	211	212	1	211	5.1199999999999996e-136	378.0		macrolide-lincosamide-streptogramin	macrolide-lincosamide-streptogramin__vat(B)	vat(B)	Enzymatic inactivation	streptogramin vat acetyltransferase	MLS_streptogramin	Yes	Yes	Yes	IV	genome	24.548832		bin_74	Binning	bin_74	0.2060235	14.906801	4.531932	12967.077	d__Bacteria;p__Bacillota_A;c__Clostridia;o__Saccharofermentanales;f__Saccharofermentanaceae;g__Saccharofermentans;s__Saccharofermentans sp022484595	d__Bacteria	p__Bacillota_A	c__Clostridia	o__Saccharofermentanales	f__Saccharofermentanaceae	g__Saccharofermentans	s__Saccharofermentans sp022484595			p__Bacillota_C	14.903399	c__Alphaproteobacteria	18.5680965	o__Saccharofermentanales	14.906801	f__Saccharofermentanaceae	14.906801	g__Saccharofermentans	14.906801	s__Saccharofermentans sp022484595	14.906801
k141_1563700_2	k141_1563700	YP_001186705	90.9	824	824	1	824	1017	1	824	0.0	1430.0	multicomponent system	multidrug	multidrug__mexW	mexW	Efflux pump	RND family antibiotic efflux pump		Yes	Yes	Yes	IV	genome	37.59334		bin_40	Binning	bin_40	0.35903752	25.978107	7.7779083	22254.691	d__Bacteria;p__Pseudomonadota;c__Gammaproteobacteria;o__Pseudomonadales;f__Pseudomonadaceae;g__Pseudomonas_E;s__Pseudomonas_E alcaligenes	d__Bacteria	p__Pseudomonadota	c__Gammaproteobacteria	o__Pseudomonadales	f__Pseudomonadaceae	g__Pseudomonas_E	s__Pseudomonas_E alcaligenes					c__Negativicutes	14.903399	o__Pseudomonadales	31.076277	f__Pseudomonadaceae	25.978107	g__Pseudomonas_E	25.978107	s__Pseudomonas_E alcaligenes	25.978107
k141_4673664_5	k141_4673664	gb|AAA88548.1|ARO:3002597|AAC(6')-Ie-APH(2'')-Ia	100.0	479	480	1	479	479	1	479	0.0	977.0		aminoglycoside	aminoglycoside__AAC(6')-Ie-APH(2'')-Ia	AAC(6')-Ie-APH(2'')-Ia	Enzymatic inactivation	Acetyltransferases	AAC(6')	Yes	Yes	Yes	I	plasmid	53.772167	unmob	bin_125	Hi-C	bin_125	0.057065014	4.128931	1.2330421	3528.0654	d__Bacteria;p__Bacillota_A;c__Clostridia;o__Oscillospirales;f__Ruminococcaceae;g__Ruminococcus_D;s__Ruminococcus_D bicirculans	d__Bacteria	p__Bacillota_A	c__Clostridia	o__Oscillospirales	f__Ruminococcaceae	g__Ruminococcus_D	s__Ruminococcus_D bicirculans							o__Oscillospirales	4.128931	f__Ruminococcaceae	4.128931	g__Ruminococcus_D	4.128931	s__Ruminococcus_D bicirculans	4.128931
k141_2503624_1	k141_2503624	gb|AAF74725.1|ARO:3004659|Mef(En2)	99.5	401	402	1	401	401	1	401	1.1000000000000001e-282	765.0		macrolide-lincosamide-streptogramin	macrolide-lincosamide-streptogramin__mef(En2)	mef(En2)	Efflux pump	MFS family antibiotic efflux pump	MLS_macrolide	Yes	Yes	Yes	III	genome	55.50688		bin_8	Binning	bin_8	0.37000027	26.771317	8.054285	23045.48	d__Bacteria;p__Bacteroidota;c__Bacteroidia;o__Bacteroidales;f__Bacteroidaceae;g__Phocaeicola;s__Phocaeicola vulgatus	d__Bacteria	p__Bacteroidota	c__Bacteroidia	o__Bacteroidales	f__Bacteroidaceae	g__Phocaeicola	s__Phocaeicola vulgatus							o__Lachnospirales	5.9221215	f__Bacteroidaceae	43.067767	g__Phocaeicola	26.771317	s__Phocaeicola vulgatus	26.771317
k141_1574651_11	k141_1574651	YP_002929946	98.2	282	283	1	282	282	1	282	1.03e-186	512.0		bacitracin	bacitracin__bacA	bacA	Antibiotic target alteration	undecaprenyl pyrophosphate		Yes	Yes	Yes	III	genome	8.219119		bin_83	Binning	bin_83	0.08184829	5.9221215	1.7809254	5095.7065	d__Bacteria;p__Bacillota_A;c__Clostridia;o__Lachnospirales;f__Lachnospiraceae;g__Lachnospira;s__Lachnospira eligens_A	d__Bacteria	p__Bacillota_A	c__Clostridia	o__Lachnospirales	f__Lachnospiraceae	g__Lachnospira	s__Lachnospira eligens_A							o__Burkholderiales	80.873818	f__Lachnospiraceae	5.9221215	g__Lachnospira	5.9221215	s__Lachnospira eligens_A	5.9221215
k141_2505894_18	k141_2505894	FJ790516.1.gene3.p01	100.0	37	38	1	37	265	1	37	6.32e-17	68.9		beta_lactam	beta_lactam__OXA-145	OXA	Enzymatic inactivation	Class D beta-lactamase		Yes	Yes	Yes	IV	genome	7.262319		bin_82	Binning	bin_82	0.12936641	9.360289	2.859173	8180.8613	d__Bacteria;p__Pseudomonadota;c__Gammaproteobacteria;o__Burkholderiales;f__Burkholderiaceae;g__CTSOIL-112;s__	d__Bacteria	p__Pseudomonadota	c__Gammaproteobacteria	o__Burkholderiales	f__Burkholderiaceae	g__CTSOIL-112	s__							o__Rhodobacterales	13.4110725	f__Burkholderiaceae	9.360289	g__CTSOIL-112	9.360289	s__	33.0265555
k141_4443404_1	k141_4443404	gb|AAC44316.1|ARO:3005010|qacEdelta1	100.0	70	70	1	70	115	1	70	8.519999999999999e-42	130.0		multidrug	multidrug__qacEdelta1								IV	plasmid	55.513264	unmob	bin_77	Binning	bin_77	0.21873538	15.826567	4.796007	13722.673	d__Bacteria;p__Pseudomonadota;c__Gammaproteobacteria;o__Burkholderiales;f__Burkholderiaceae_B;g__Brachymonas;s__Brachymonas sp018054915	d__Bacteria	p__Pseudomonadota	c__Gammaproteobacteria	o__Burkholderiales	f__Burkholderiaceae_B	g__Brachymonas	s__Brachymonas sp018054915							o__Rhizobiales	5.157024	f__Burkholderiaceae_B	71.513529	g__Brachymonas	15.826567	s__Brachymonas sp018054915	15.826567
k141_4500141_8	k141_4500141	YP_002552549	87.4	238	240	1	238	274	36	273	6.86e-149	414.0		bacitracin	bacitracin__bacA	bacA	Antibiotic target alteration	undecaprenyl pyrophosphate		Yes	Yes	Yes	IV	genome	13.3405695		bin_95	Binning	bin_95	0.38823038	28.090355	8.692295	24870.998	d__Bacteria;p__Pseudomonadota;c__Gammaproteobacteria;o__Burkholderiales;f__Burkholderiaceae_B;g__Giesbergeria;s__Giesbergeria sp010020825	d__Bacteria	p__Pseudomonadota	c__Gammaproteobacteria	o__Burkholderiales	f__Burkholderiaceae_B	g__Giesbergeria	s__Giesbergeria sp010020825							o__Selenomonadales	14.903399	f__Rhodobacteraceae	13.4110725	g__Giesbergeria	28.090355	s__Giesbergeria sp010020825	28.090355
k141_3782552_1	k141_3782552	ACI02892	97.4	274	274	1	274	404	1	274	2.65e-181	503.0		florfenicol	florfenicol__floR	floR	Efflux pump	MFS family antibiotic efflux pump		Yes	Yes	Yes	I	plasmid	117.59641	unmob	bin_42	Hi-C	bin_42	0.09731415	7.0411515	2.1342337	6106.619	d__Bacteria;p__Pseudomonadota;c__Alphaproteobacteria;o__Rhodobacterales;f__Rhodobacteraceae;g__Gemmobacter;s__	d__Bacteria	p__Pseudomonadota	c__Alphaproteobacteria	o__Rhodobacterales	f__Rhodobacteraceae	g__Gemmobacter	s__							o__Xanthomonadales	7.9781895	f__Xanthobacteraceae	5.157024	g__Gemmobacter	7.0411515	s__Megamonas funiformis	14.903399
k141_3782552_1	k141_3782552	ACI02892	97.4	274	274	1	274	404	1	274	2.65e-181	503.0		florfenicol	florfenicol__floR	floR	Efflux pump	MFS family antibiotic efflux pump		Yes	Yes	Yes	I	plasmid	117.59641	unmob	bin_38	Hi-C	bin_38	0.08803722	6.369921	1.9259756	5510.734	d__Bacteria;p__Pseudomonadota;c__Alphaproteobacteria;o__Rhodobacterales;f__Rhodobacteraceae;g__Amaricoccus;s__	d__Bacteria	p__Pseudomonadota	c__Alphaproteobacteria	o__Rhodobacterales	f__Rhodobacteraceae	g__Amaricoccus	s__									f__Moraxellaceae	5.09817	g__Amaricoccus	6.369921	s__Pseudoxanthomonas_A mexicana	7.9781895
k141_3782552_1	k141_3782552	ACI02892	97.4	274	274	1	274	404	1	274	2.65e-181	503.0		florfenicol	florfenicol__floR	floR	Efflux pump	MFS family antibiotic efflux pump		Yes	Yes	Yes	I	plasmid	117.59641	unmob	bin_22	Hi-C	bin_22	0.07127406	5.157024	1.5527989	4442.9756	d__Bacteria;p__Pseudomonadota;c__Alphaproteobacteria;o__Rhizobiales;f__Xanthobacteraceae;g__P52-10;s__	d__Bacteria	p__Pseudomonadota	c__Alphaproteobacteria	o__Rhizobiales	f__Xanthobacteraceae	g__P52-10	s__									f__Selenomonadaceae	14.903399	g__P52-10	5.157024	s__Sphaerotilus sulfidivorans	27.596607
k141_1306585_97	k141_1306585	YP_581244	88.9	280	281	1	280	280	1	280	1.43e-176	486.0		bacitracin	bacitracin__bacA	bacA	Antibiotic target alteration	undecaprenyl pyrophosphate		Yes	Yes	Yes	IV	genome	5.06374		bin_41	Binning	bin_41	0.07046064	5.09817	1.545203	4421.2417	d__Bacteria;p__Pseudomonadota;c__Gammaproteobacteria;o__Pseudomonadales;f__Moraxellaceae;g__Psychrobacter;s__	d__Bacteria	p__Pseudomonadota	c__Gammaproteobacteria	o__Pseudomonadales	f__Moraxellaceae	g__Psychrobacter	s__									f__Xanthomonadaceae	7.9781895	g__Psychrobacter	5.09817	s__Bacteroides uniformis	16.29645
k141_181694_2	k141_181694	BAB71966	80.3	421	422	1	421	420	1	420	5.19e-238	654.0		tetracycline	tetracycline__tetA(P)	tetA(P)	Efflux pump	MFS family antibiotic efflux pump		Yes	Yes	Yes	IV	genome	4.5280237		bin_84	Binning	bin_84	0.2059765	14.903399	4.503268	12885.063	d__Bacteria;p__Bacillota_C;c__Negativicutes;o__Selenomonadales;f__Selenomonadaceae;g__Megamonas;s__Megamonas funiformis	d__Bacteria	p__Bacillota_C	c__Negativicutes	o__Selenomonadales	f__Selenomonadaceae	g__Megamonas	s__Megamonas funiformis											g__Megamonas	14.903399		
k141_3224773_4	k141_3224773	gb|CAQ53840.1|ARO:3000853|AIM-1	97.4	303	304	1	303	303	1	303	4.2e-217	591.0		beta_lactam	beta_lactam__AIM-1	AIM-1	Enzymatic inactivation	Class B3 beta-lactamase		Yes	Yes	Yes	IV	genome	6.0017986		bin_58	Binning	bin_58	0.11026474	7.9781895	2.3922095	6844.756	d__Bacteria;p__Pseudomonadota;c__Gammaproteobacteria;o__Xanthomonadales;f__Xanthomonadaceae;g__Pseudoxanthomonas_A;s__Pseudoxanthomonas_A mexicana	d__Bacteria	p__Pseudomonadota	c__Gammaproteobacteria	o__Xanthomonadales	f__Xanthomonadaceae	g__Pseudoxanthomonas_A	s__Pseudoxanthomonas_A mexicana											g__Pseudoxanthomonas_A	7.9781895		
k141_2959960_1	k141_2959960	AAU89126	99.6	463	464	1	463	463	1	463	0.0	921.0		aminoglycoside	aminoglycoside__ANT(3'')-Ii-AAC(6')-IId fusion protein	aadA-ANT(3'')-IIa	Enzymatic inactivation	Nucleotidyltransferases (Adenylyltransferases)	ANT(3'')	Yes	Yes	Yes	IV	plasmid	81.20887	unmob	bin_28	Hi-C	bin_28	0.3814064	27.596607	8.337647	23856.258	d__Bacteria;p__Pseudomonadota;c__Gammaproteobacteria;o__Burkholderiales;f__Burkholderiaceae_B;g__Sphaerotilus;s__Sphaerotilus sulfidivorans	d__Bacteria	p__Pseudomonadota	c__Gammaproteobacteria	o__Burkholderiales	f__Burkholderiaceae_B	g__Sphaerotilus	s__Sphaerotilus sulfidivorans											g__Sphaerotilus	27.596607		
k141_3940472_2	k141_3940472	P30898	99.7	296	297	1	296	296	1	296	9.52e-215	584.0		beta_lactam	beta_lactam__CblA-1	CblA-1	Enzymatic inactivation	Class A beta-lactamase		Yes	Yes	Yes	III	genome	16.397469		bin_49	Binning	bin_49	0.22522952	16.29645	4.9166765	14067.939	d__Bacteria;p__Bacteroidota;c__Bacteroidia;o__Bacteroidales;f__Bacteroidaceae;g__Bacteroides;s__Bacteroides uniformis	d__Bacteria	p__Bacteroidota	c__Bacteroidia	o__Bacteroidales	f__Bacteroidaceae	g__Bacteroides	s__Bacteroides uniformis											g__Bacteroides	16.29645		
